time_sent,temp,internal_resistance,p,innovation,time_recv,current,dt,cooling_power
1757100132.5367925,296.148,0.15665814435497744,1.4113953586342322e-08,2791.7849354842115,1757100132.842317,62.65,1.3879096508026123,1500.0
1757100133.8799984,296.189,0.2074087417062411,1.3714340404133291e-08,2491.3051915339097,1757100134.1364868,38.54,1.3432059288024902,1500.0
1757100135.1762106,296.278,0.3723549711479418,1.0056721001891807e-08,3176.2030002486217,1757100135.452694,71.86,1.2962121963500977,1500.0
1757100136.4891202,296.327,0.4032169184260489,7.25925763660171e-09,685.1238894940539,1757100136.765975,78.78,1.3129096031188965,1500.0
1757100137.8053763,296.367,0.4065274204112018,7.272247433468942e-09,2650.1970357726136,1757100138.0648532,13.1,1.316256046295166,1500.0
1757100140.1270268,296.484,0.4499046849307242,6.975446973851629e-09,2512.338312904764,1757100140.441819,49.75,2.321650505065918,1500.0
1757100141.4785905,296.529,0.47468930941590515,6.22467920587999e-09,949.8781728514068,1757100141.7369943,64.75,1.3515636920928955,1500.0
1757100142.773368,296.569,0.49027365969060216,6.186374595958022e-09,2195.850904050597,1757100143.112396,33.87,1.2947773933410645,1500.0
1757100145.1737287,296.682,0.49244202647832563,6.19834803162602e-09,3335.3500972093348,1757100145.4543076,-10.25,2.4003608226776123,1500.0
1757100146.4918907,296.719,0.49362780369045467,6.210559556498706e-09,2591.9559220110777,1757100146.7140563,-8.59,1.318161964416504,1500.0
1757100150.8163195,296.87,0.499761993779144,6.2179309743624346e-09,2723.191810945459,1757100151.1029284,-19.03,4.3244287967681885,1500.0
1757100152.136548,296.945,0.5041150359750901,6.228992396039462e-09,3681.929859950069,1757100152.4162698,13.780000000000001,1.3202285766601562,1500.0
1757100153.4511797,296.987,0.5270708022400588,5.9795529428903034e-09,1448.841305154163,1757100153.7290614,51.47,1.314631700515747,1500.0
1757100155.7863574,297.063,0.5302984822606811,5.9901093837320775e-09,2703.300084817788,1757100156.0270243,14.120000000000001,2.3351776599884033,1500.0
1757100158.082645,297.175,0.534167416103188,6.000784487986932e-09,3354.9527713580756,1757100158.3661897,-13.86,2.2962875366210938,1500.0
1757100159.3977637,297.213,0.5393324866572602,6.008467407442343e-09,2478.197298445318,1757100159.6514826,-18.62,1.3151187896728516,1500.0
1757100160.6857026,297.251,0.5404163564747699,6.020340516820567e-09,2651.2055726086255,1757100160.9374297,-8.25,1.2879388332366943,1500.0
1757100161.9726744,297.288,0.5420715966974955,6.032002108053687e-09,2601.0446030985377,1757100162.2634797,-10.26,1.2869718074798584,1500.0
1757100164.318421,297.401,0.5431400034352103,6.0439915707436665e-09,3405.5776935334184,1757100164.5828342,7.21,2.3457465171813965,1500.0
1757100165.617224,297.438,0.5439400707719833,6.05601057885472e-09,2620.7469109676276,1757100165.8697395,7.1000000000000005,1.2988030910491943,1500.0
1757100166.9048371,297.475,0.5456427025058093,6.067717787288982e-09,2599.4550185944495,1757100167.1831512,10.39,1.2876131534576416,1500.0
1757100168.2172043,297.551,0.550898182782702,6.077852609088105e-09,3695.7505749602296,1757100168.5005698,15.3,1.3123672008514404,1500.0
1757100171.5836825,297.663,0.5513885947260722,6.090002741733257e-09,2824.0791773057294,1757100171.8732922,5.33,3.366478204727173,1500.0
1757100172.9075356,297.7,0.5518428190710083,6.102177103546374e-09,2612.074041997603,1757100173.1517818,5.33,1.3238530158996582,1500.0
1757100174.186996,297.774,0.5525010838816707,6.1143757426040566e-09,3805.8356226200744,1757100174.520135,5.33,1.2794604301452637,1500.0
1757100175.5556839,297.812,0.5529534245673955,6.126598707077342e-09,2605.140762600461,1757100175.8505857,5.33,1.3686878681182861,1500.0
1757100176.886178,297.849,0.5534046737591528,6.138846045231884e-09,2607.106246895116,1757100177.1304882,5.33,1.3304941654205322,1500.0
1757100178.1683097,297.924,0.5540697639784378,6.1511178054281365e-09,3832.7749876486546,1757100178.4691343,5.33,1.2821316719055176,1500.0
1757100179.5010455,297.961,0.5545262460072595,6.163414036121533e-09,2605.6934167318136,1757100179.742777,5.33,1.3327357769012451,1500.0
1757100180.7780542,297.998,0.5549956726008013,6.175734785862673e-09,2654.2243586179843,1757100181.021255,5.33,1.2770087718963623,1500.0
1757100182.0557802,298.036,0.5550020122036692,6.1880801032975e-09,2684.9912968491617,1757100182.3731012,5.33,1.2777259349822998,1500.0
1757100183.4128695,298.11,0.5556473582113506,6.20045003716749e-09,3675.0819751270024,1757100183.663835,5.33,1.3570892810821533,1500.0
1757100184.6980448,298.147,0.5561172817845873,6.212844636309834e-09,2647.4876346957344,1757100184.9746578,5.33,1.2851753234863281,1500.0
1757100186.0104518,298.185,0.556119406755987,6.225263949657619e-09,2654.2214081940815,1757100186.295542,5.33,1.3124070167541504,1500.0
1757100187.3327549,298.259,0.5567815091067955,6.237708026240016e-09,3732.9860484501683,1757100187.595736,5.33,1.322303056716919,1500.0
1757100188.631634,298.296,0.5572480450656178,6.25017691518246e-09,2635.972908817841,1757100188.9115834,5.33,1.2988791465759277,1500.0
1757100189.9471982,298.334,0.5577218408112474,6.262670665706842e-09,2652.048791056193,1757100190.1806161,5.33,1.3155641555786133,1500.0
1757100191.218275,298.408,0.5584016484562461,6.275189327131687e-09,3823.6594387766495,1757100191.4594126,5.33,1.2710769176483154,1500.0
1757100192.4972873,298.445,0.5588741214267849,6.287732948872346e-09,2654.2454187969324,1757100192.7447639,5.33,1.2790122032165527,1500.0
1757100193.781084,298.483,0.559349892716305,6.300301580441176e-09,2681.195005470881,1757100194.0581968,5.33,1.283796787261963,1500.0
1757100195.0952058,298.52,0.5594095413120589,6.312885070711515e-09,2621.347543428792,1757100195.3196125,5.71,1.3141217231750488,1500.0
1757100196.3562064,298.595,0.5874614879106778,6.241031710650509e-09,3072.109093872354,1757100196.5751085,38.25,1.261000633239746,1500.0
1757100197.6117408,298.636,0.6063042184701869,5.923139953122372e-09,1065.235922770147,1757100197.8891191,54.65,1.2555344104766846,1500.0
1757100198.9245057,298.676,0.6240504884874675,5.7658825495197165e-09,1384.781087068334,1757100199.1522808,47.15,1.3127648830413818,1500.0
1757100200.1890738,298.753,0.6512020428476047,5.690377180387732e-09,2932.173527422216,1757100200.490539,40.34,1.2645680904388428,1500.0
1757100201.5275753,298.793,0.6667885927509818,5.591159597718441e-09,1496.7254731604312,1757100201.752306,43.160000000000004,1.3385014533996582,1500.0
1757100202.797185,298.837,0.6421233804682233,4.909332452483206e-09,-368.31718212293663,1757100203.0754979,70.85000000000001,1.2696096897125244,1500.0
1757100204.1145225,298.928,0.6736599457273716,4.574076661052035e-09,1760.7041383376722,1757100204.4866815,62.58,1.3173375129699707,1500.0
1757100205.539768,298.968,0.6534653272081979,4.537457372359018e-09,1685.124181881038,1757100205.8552399,38.52,1.4252455234527588,1500.0
1757100206.8962083,299.01,0.6642924833971077,4.377204241561755e-09,847.5820726107411,1757100207.1541245,54.01,1.3564403057098389,1500.0
1757100208.204385,299.102,0.6600395997890094,3.755399167715845e-09,282.73197303799725,1757100208.4832318,78.66,1.3081767559051514,1500.0
1757100209.5435092,299.141,0.6551310351891909,3.7625067892521895e-09,2568.5981029878963,1757100209.7993844,13.11,1.3391242027282715,1500.0
1757100210.8458648,299.179,0.6569163282569876,3.7695607074546325e-09,2562.0801371460243,1757100211.1195447,13.6,1.3023555278778076,1500.0
1757100212.1720848,299.257,0.6756395294744322,3.69196337182309e-09,2248.074953277378,1757100212.4184575,49.71,1.3262200355529785,1500.0
1757100213.474847,299.3,0.6565362963616617,3.4745416484580646e-09,96.777324051508,1757100213.742971,64.67,1.3027622699737549,1500.0
1757100214.8019805,299.34,0.6629625518097577,3.465644816129179e-09,1971.26639173182,1757100215.131508,33.86,1.3271334171295166,1500.0
1757100217.221826,299.452,0.6563356516279721,3.47245637357276e-09,3298.301233547078,1757100217.544349,-10.26,2.4198455810546875,1500.0
1757100218.5997455,299.489,0.6557844658160714,3.4793489826272307e-09,2543.2676893152766,1757100218.8715122,-8.6,1.3779194355010986,1500.0
1757100223.0286922,299.638,0.6584500022431601,3.484721642531568e-09,2625.3083778273226,1757100223.3362281,-19.05,4.4289467334747314,1500.0
1757100224.3851707,299.713,0.6575191647592911,3.4912654935144063e-09,3603.834089167329,1757100224.647898,13.780000000000001,1.3564784526824951,1500.0
1757100225.7019439,299.754,0.6637113192746061,3.416451314801266e-09,960.036064882599,1757100225.99066,51.15,1.3167731761932373,1410.1000000000001
1757100228.075583,299.824,0.6567579543942703,3.4228679989798435e-09,2483.018200643779,1757100228.3927343,13.84,2.3736391067504883,1410.1000000000001
1757100229.4483104,299.894,0.6555794847863946,3.42971040650467e-09,3442.605177700016,1757100229.7148626,-6.17,1.372727394104004,1410.1000000000001
1757100230.774427,299.929,0.6567490546457926,3.4361465505128132e-09,2449.2713754749752,1757100231.026003,-13.870000000000001,1.3261165618896484,1500.0
1757100232.0848188,299.967,0.6580619507997915,3.4416021237557322e-09,2451.908172446344,1757100232.3152597,-18.64,1.310391902923584,1500.0
1757100233.378033,300.041,0.6564894381862663,3.4483668325063125e-09,3737.7058349115964,1757100233.6355546,-10.27,1.2932140827178955,1500.0
1757100236.7577667,300.152,0.6556328350313878,3.4552451244226504e-09,2799.4720389011172,1757100237.00296,7.21,3.3797338008880615,1500.0
1757100238.0571318,300.19,0.6555950610061738,3.4621388316420447e-09,2657.212252625059,1757100238.3456478,7.11,1.2993650436401367,1500.0
1757100239.402803,300.264,0.6565797638202708,3.4689186546197446e-09,3643.545522341322,1757100239.714158,10.71,1.3456711769104004,1500.0
1757100240.7711926,300.301,0.6571225829676213,3.475208468313984e-09,2449.360389252875,1757100241.044145,15.3,1.36838960647583,1500.0
1757100243.133667,300.412,0.655464445137336,3.4821630278732475e-09,3380.814698081241,1757100243.4332497,5.33,2.3624744415283203,1500.0
1757100244.4881146,300.449,0.6553873085328706,3.4891314852188747e-09,2595.8669831194957,1757100244.7948499,5.33,1.354447603225708,1500.0
1757100245.8534024,300.486,0.6553869791188953,3.4961138680451744e-09,2587.365890759137,1757100246.0850992,5.33,1.3652877807617188,1500.0
1757100247.1480198,300.56,0.6555069771264846,3.5031102041013277e-09,3787.972187970382,1757100247.4744558,5.33,1.2946174144744873,1500.0
1757100248.533873,300.597,0.6553864552411606,3.5101205211914946e-09,2571.787805491063,1757100248.8188965,5.33,1.3858532905578613,1500.0
1757100249.8785632,300.634,0.6553902457483769,3.5171448471749234e-09,2604.5876132183644,1757100250.1384954,5.33,1.3446900844573975,1500.0
1757100251.1987836,300.708,0.6555048771252568,3.5241832099660556e-09,3744.346618317275,1757100251.4679203,5.33,1.3202204704284668,1500.0
1757100252.5318444,300.745,0.6553922984691182,3.5312356375346365e-09,2614.6564846485776,1757100252.7883725,5.33,1.3330607414245605,1500.0
1757100253.8492942,300.782,0.6553941598003787,3.538302157905822e-09,2627.9517814461087,1757100254.1197586,5.33,1.3174498081207275,1500.0
1757100255.1814888,300.856,0.6556367453109448,3.545374370315446e-09,3718.2985641177665,1757100255.4771168,6.2,1.3321945667266846,1500.0
1757100256.539681,300.89300000000003,0.6564706723323637,3.552195162568508e-09,2515.0906978534886,1757100256.7984316,12.25,1.3581922054290771,1500.0
1757100257.8622253,300.93,0.6561312632478724,3.5591621407166473e-09,2571.2075411372844,1757100258.1079705,10.46,1.3225443363189697,1500.0
1757100259.1699812,301.004,0.6587246559145781,3.5652986440083185e-09,3602.214163772514,1757100259.4083798,16.73,1.307755947113037,1500.0
1757100261.5058494,301.078,0.6554113942234064,3.5724332310442605e-09,2772.6601411019037,1757100261.7826436,5.33,2.3358681201934814,1500.0
1757100262.8401678,301.115,0.655395946966025,3.5795820745854696e-09,2615.2204133332702,1757100263.1019123,5.33,1.3343183994293213,1500.0
1757100264.1623418,301.189,0.6555114080948528,3.5867452030369018e-09,3743.130442566783,1757100264.45646,5.33,1.322174072265625,1500.0
1757100265.5142715,301.226,0.6553955888036427,3.5939226448597768e-09,2601.277110249075,1757100265.7872908,5.33,1.3519296646118164,1500.0
1757100266.8472836,301.263,0.6553977235750771,3.601114428571687e-09,2616.949102414227,1757100267.0790858,5.33,1.3330121040344238,1500.0
1757100268.139331,301.337,0.655519110768974,3.6083205827467077e-09,3795.8908573168264,1757100268.3934584,5.33,1.2920475006103516,1500.0
1757100269.4535851,301.374,0.6555721095067527,3.6155232396381237e-09,2621.3033886816247,1757100269.706262,6.83,1.3142540454864502,1500.0
1757100270.7685165,301.411,0.6591940132272177,3.6197413037036306e-09,2336.6651413494847,1757100271.039206,21.92,1.3149313926696777,1500.0
1757100272.1013918,301.485,0.6568817564874311,3.626766024601296e-09,3658.5933321112334,1757100272.3793268,11.49,1.3328752517700195,1500.0
1757100273.4407797,301.522,0.6566824829479456,3.633654623544856e-09,2520.3521439428014,1757100273.6992095,13.02,1.3393878936767578,1500.0
1757100274.7584388,301.559,0.6581541707478181,3.639381009831501e-09,2425.3026768973514,1757100275.1215637,18.51,1.3176591396331787,1500.0
1757100280.3095713,301.706,0.6553959823773122,3.6466636260330926e-09,2567.454407229866,1757100280.5866828,5.33,5.551132440567017,1500.0
1757100281.6426032,301.743,0.6554018673477254,3.653960793660224e-09,2619.0196034829614,1757100281.881772,5.33,1.3330318927764893,1500.0
1757100282.9340482,301.78,0.6554061408230452,3.6612725417019496e-09,2654.875369251177,1757100283.1828384,5.33,1.291445016860962,1500.0
1757100284.2365034,301.854,0.6555239404137299,3.6685988992047316e-09,3779.861502755465,1757100284.5034788,5.33,1.302455186843872,1500.0
1757100285.557253,301.891,0.6554046463579517,3.675939895272549e-09,2629.971392817204,1757100285.810531,5.33,1.3207495212554932,1500.0
1757100286.8641164,301.927,0.6554032590506625,3.6832955590670126e-09,2611.461140516551,1757100287.1595697,5.33,1.30686354637146,1500.0
1757100288.2168794,302.001,0.6555175298193661,3.6906659198074767e-09,3696.1192387916767,1757100288.490663,5.33,1.3527629375457764,1500.0
1757100289.5515983,302.038,0.6554051353657838,3.698051006771151e-09,2618.9011292460978,1757100289.8189611,5.33,1.334718942642212,1500.0
1757100290.8808239,302.075,0.6554061844804671,3.7054508492932165e-09,2623.637294909345,1757100291.151585,5.33,1.3292255401611328,1500.0
1757100292.2094111,302.148,0.6555209511426175,3.712865476766936e-09,3706.4560469575163,1757100292.480447,5.33,1.328587293624878,1500.0
1757100293.543352,302.185,0.6554069261237452,3.7202949186437693e-09,2620.1861074591466,1757100293.8195858,5.33,1.3339407444000244,1500.0
1757100294.8813903,302.222,0.6554071380336335,3.727739204433487e-09,2616.9546217375673,1757100295.153703,5.33,1.338038444519043,1500.0
1757100296.2147226,302.294,0.6554875688678383,3.73519980941688e-09,3609.3699855968844,1757100296.509164,5.15,1.3333323001861572,1438.8000000000002
1757100297.5716703,302.329,0.6553764964952346,3.742675326189154e-09,2483.2139341397788,1757100297.7933679,5.15,1.356947660446167,1438.8000000000002
1757100298.8577967,302.364,0.6553826467202628,3.7501657844762e-09,2540.0878645043076,1757100299.170203,5.15,1.2861263751983643,1438.8000000000002
1757100310.5260239,302.724,0.6475248686271772,3.6002115304638605e-09,-619.161993110891,1757100310.7644525,58.410000000000004,11.668227195739746,351.8
1757100311.7988813,302.733,0.6480176740511511,3.606362628996547e-09,482.6011893920329,1757100312.024276,16.91,1.272857427597046,351.8
1757100313.057506,302.741,0.6476831420059176,3.6135132664529695e-09,589.6849425698055,1757100313.3112895,8.75,1.258624792098999,351.8
1757100314.344817,302.757,0.6479569821936594,3.620641093445765e-09,821.5079064096167,1757100314.6250937,9.65,1.2873108386993408,351.8
1757100315.6586921,302.766,0.6485348203591708,3.626823569788315e-09,554.9224602489273,1757100315.8906467,16.9,1.3138751983642578,432.70000000000005
1757100322.0428076,302.828,0.6495454997719271,3.6316119443359827e-09,645.0879715697107,1757100322.3234627,20.82,6.38411545753479,504.6
1757100326.4248803,302.884,0.6498223516663929,3.638795687102937e-09,888.1513968310987,1757100326.7054417,9.18,4.382072687149048,398.5
1757100327.7388175,302.894,0.6500697941646851,3.6459489819869923e-09,670.3002639227319,1757100328.017552,10.11,1.3139371871948242,398.5
1757100329.05063,302.904,0.6493557631711494,3.631269390275281e-09,-99.30617477815781,1757100334.4158278,35.88,1.3118126392364502,398.5
1757100335.4497635,302.971,0.6494545208562608,3.6385114945019023e-09,505.31894953469606,1757100335.7357292,7.17,6.3991334438323975,86.2
1757100336.7701447,302.972,0.6494720626914661,3.6457679722637826e-09,117.71482327643953,1757100337.057083,7.17,1.3203811645507812,86.2
1757100338.0894015,302.976,0.6492632293256367,3.6492518999351525e-09,-105.81771813638542,1757100338.3754065,23.14,1.3192567825317383,86.2
1757100339.41125,302.978,0.6488894598777369,3.652394024001897e-09,-181.5359626523236,1757100339.7184072,23.64,1.3218486309051514,86.2
1757100340.7532942,302.98,0.6489135692153718,3.6596712990737935e-09,114.79934481169602,1757100341.0083306,7.49,1.3420441150665283,57.0
1757100342.044547,302.981,0.6480891102785089,3.6607472612042856e-09,-320.423348389256,1757100342.3337889,26.13,1.291252851486206,57.0
1757100343.3698072,302.989,0.6437130853125217,3.6320624134200318e-09,-732.8803233140916,1757100343.618463,40.550000000000004,1.3252601623535156,57.0
1757100344.656105,302.991,0.642511251674695,3.629894086729885e-09,-390.52177601660287,1757100344.934849,29.080000000000002,1.2862977981567383,57.0
1757100345.969662,302.992,0.6425168783122029,3.637111758674717e-09,28.89536569127172,1757100346.183611,-8.09,1.3135569095611572,5.800000000000001
1757100348.2444818,302.99,0.6425132941910171,3.6443560161722966e-09,-31.773208175611817,1757100348.496114,-7.61,2.274819850921631,5.800000000000001
1757100349.5323796,302.99,0.6422397422521849,3.6498101098209213e-09,-198.78941946521735,1757100349.7629347,-19.3,1.2878978252410889,5.800000000000001
1757100350.7988288,302.99,0.6396588515051165,3.6499988373231015e-09,-967.8948363812174,1757100351.0693922,-27.03,1.266449213027954,-533.4
1757100352.1077175,302.962,0.6369803730733931,3.6546389301003574e-09,-1639.1138262592704,1757100352.4103343,21.150000000000002,1.3088886737823486,-533.4
1757100353.4465933,302.953,0.5950392147729884,3.4790000489112493e-09,-3181.15551007587,1757100353.7548146,61.56,1.3388757705688477,-533.4
1757100354.7915614,302.94,0.5929230085878041,3.482799106174846e-09,-1189.021060841611,1757100355.0887353,22.61,1.3449680805206299,-533.4
1757100356.1254568,302.9,0.5841023702228775,3.4808503890920865e-09,-2954.7746085041463,1757100356.3891852,29.28,1.3338954448699951,-1283.4
1757100357.4236107,302.867,0.5830258247636839,3.4876154999779505e-09,-2341.0985778425365,1757100357.6975913,11.47,1.2981538772583008,-1283.4
1757100358.7340944,302.835,0.5823226682199242,3.4945081419196e-09,-2276.217348252892,1757100359.0251746,-9.43,1.310483694076538,-1283.4
1757100361.0830193,302.769,0.5821750481497581,3.501503315832402e-09,-1636.188181064634,1757100361.4225187,-5.03,2.3489248752593994,-533.4
1757100362.4575782,302.74,0.5817374175834309,3.5084196732073644e-09,-1394.8309785269257,1757100362.7044692,-9.51,1.374558925628662,-533.4
1757100364.763445,302.712,0.5811584243497451,3.515157476320173e-09,-1074.280929095785,1757100365.074495,-12.41,2.3058667182922363,-533.4
1757100366.1089513,302.703,0.5811491140606693,3.5221575864778964e-09,-51.72471884794459,1757100366.4112256,-7.73,1.3455064296722412,216.60000000000002
1757100372.555203,302.751,0.5815001984484219,3.5290599627020815e-09,886.5104199268488,1757100372.8158014,-10.58,6.446251630783081,620.7
1757100382.0084627,302.876,0.5818319295440056,3.5360086829305582e-09,944.3701904994615,1757100382.3074005,9.97,9.453259706497192,440.40000000000003
1757100383.339071,302.906,0.4672440585452221,2.6270942184475007e-09,-4396.803045048177,1757100383.617374,99.60000000000001,1.3306083679199219,440.40000000000003
1757100384.6487744,302.922,0.4594100188676496,2.5359886962266908e-09,-812.6211884993999,1757100384.9113941,61.64,1.3097033500671387,440.40000000000003
1757100385.9426978,302.93399999999997,0.45945371650935574,2.5410663658979083e-09,653.7244666151631,1757100386.237175,5.13,1.2939233779907227,261.0
1757100387.2733629,302.946,0.4597420788262066,2.545888378475368e-09,561.8187879020845,1757100387.546214,-14.290000000000001,1.330665111541748,261.0
1757100388.5794165,302.952,0.4599395411823458,2.5507228048294437e-09,385.78851779391584,1757100388.8543973,-14.24,1.306053638458252,261.0
1757100393.9814544,302.973,0.4599628297573496,2.555829949656755e-09,339.41779700403896,1757100394.2385767,5.13,5.402037858963013,161.70000000000002
1757100395.2742217,302.981,0.4599982935051848,2.560940001375556e-09,351.7471003127548,1757100395.5843592,6.5200000000000005,1.2927672863006592,89.5
1757100413.9516768,302.996,0.4599722976104648,2.565348284995664e-09,-32.56499416292523,1757100414.2163458,18.21,18.677455186843872,53.2
1757100415.2447517,302.998,0.4599784733821953,2.5703822964984637e-09,25.908416806111077,1757100415.534196,11.28,1.2930748462677002,-12.100000000000001
1757100416.5627182,302.997,0.45988664054648026,2.5750405985648144e-09,-133.00870765678334,1757100416.843859,16.51,1.3179664611816406,-12.100000000000001
1757100417.875055,302.998,0.4504777524727735,2.5252082057211067e-09,-1282.9762520298548,1757100418.1223238,53.9,1.3123369216918945,-12.100000000000001
1757100419.1541142,302.998,0.44925246235742616,2.5230317583661025e-09,-456.9597560685219,1757100419.4202428,32.63,1.2790591716766357,-12.100000000000001
1757100420.4539225,303.002,0.42244349675582493,2.412901694970996e-09,-2556.6197559849206,1757100420.7347794,65.92,1.2998082637786865,-762.1
1757100421.7693868,302.985,0.40833624237990135,2.380249797674091e-09,-2321.5904848194955,1757100422.066027,50.52,1.3154642581939697,-762.1
1757100423.1001117,302.948,0.4023815220191399,2.378203082803811e-09,-2285.4306084804134,1757100423.319274,33.11,1.3307249546051025,-762.1
1757100424.3562136,302.929,0.3997669619153104,2.38032066586558e-09,-1606.5679762540813,1757100424.6236029,26.14,1.2561018466949463,-762.1
1757100425.6591988,302.909,0.3992807591851685,2.384699106970677e-09,-781.7341107080863,1757100425.9415205,-16.2,1.3029851913452148,-98.30000000000001
1757100426.9790099,302.908,0.39788916473723385,2.382627590604298e-09,-532.1558862612608,1757100427.2455552,-33.12,1.3198111057281494,-98.30000000000001
1757100428.2831156,302.903,0.3978339139527942,2.3873535815904316e-09,-253.8562987336573,1757100428.5808473,-9.620000000000001,1.3041057586669922,-98.30000000000001
1757100435.7557666,302.92,0.3978669984428338,2.3911568958754724e-09,37.363413453372914,1757100436.0123749,20.35,7.47265100479126,76.9
1757100437.046699,302.922,0.3924151094551256,2.3568697512680826e-09,-873.350758222194,1757100437.3524003,51.29,1.2909324169158936,76.9
1757100439.4085057,302.93,0.39243144949146946,2.3595322917816516e-09,7.979471501811588,1757100439.7327611,24.66,2.361806631088257,76.9
1757100440.766118,302.932,0.3923669272433279,2.3632309952096013e-09,-62.166459847959885,1757100440.9796863,20.72,1.3576123714447021,13.0
1757100442.0133982,302.932,0.39139811712841316,2.360984375884742e-09,-391.07903718526086,1757100442.3204327,33.43,1.2472801208496094,13.0
1757100443.3549845,302.942,0.35554416616366946,2.117921225224186e-09,-2407.3559399283745,1757100443.6253743,83.86,1.3415863513946533,13.0
1757100444.660447,302.948,0.3421304423090602,2.0291160373500908e-09,-1421.6529019799232,1757100444.965253,68.18,1.30546236038208,13.0
1757100446.0009844,302.949,0.3552297699083629,2.0315945474172706e-09,-246.29079941571496,1757100446.288946,24.900000000000002,1.3405375480651855,-90.2
1757100447.3252456,302.95799999999997,0.32597561343156,1.8520396710659741e-09,-2263.350267363819,1757100447.5854726,83.54,1.32426118850708,-90.2
1757100448.6229455,302.962,0.30767445029966217,1.747663840318888e-09,-1814.3718359936634,1757100448.8747592,75.98,1.2976999282836914,-90.2
1757100449.9110472,302.971,0.2699599212620681,1.5184655923942667e-09,-2654.7272515908207,1757100450.1695712,96.72,1.2881016731262207,-90.2
1757100452.2295814,302.937,0.2693611072877856,1.5213055543056447e-09,-1329.1403323904046,1757100452.534736,-17.21,2.3185341358184814,-698.2
1757100453.5708027,302.919,0.2687937658623281,1.5241579207410058e-09,-1277.9601597627893,1757100453.8581629,17.05,1.3412213325500488,-698.2
1757100454.895382,302.906,0.2557258208268196,1.4894067272737929e-09,-2151.528056351639,1757100455.1660151,63.85,1.3245792388916016,-698.2
1757100456.2018952,302.891,0.2549661371592531,1.4907316154493265e-09,-593.2213179504369,1757100456.4572256,-29.39,1.3065133094787598,51.800000000000004
1757100457.4910758,302.896,0.25250890922132707,1.4729046951576355e-09,-543.2418957926106,1757100457.7746546,-55.46,1.2891805171966553,51.800000000000004
1757100458.811096,302.906,0.24743043063426967,1.4312219894953079e-09,-772.0768085936352,1757100459.088144,-67.8,1.3200201988220215,51.800000000000004
1757100460.1251714,302.908,0.2525082865122528,1.4333746095549984e-09,-2.0261251452479314,1757100460.434308,-24.29,1.3140754699707031,51.800000000000004
1757100461.4699192,302.912,0.2525047803843278,1.4342446108625426e-09,-3.6911016339873584,1757100461.7437067,31.400000000000002,1.34474778175354,92.10000000000001
1757100462.7812352,302.915,0.2523894724447802,1.4344756721661097e-09,-68.04672679794524,1757100463.0391498,33.65,1.3113160133361816,92.10000000000001
1757100464.0765328,302.923,0.24365011362004024,1.369946493232169e-09,-1104.1415881715811,1757100464.358447,76.49,1.295297622680664,92.10000000000001
1757100465.3954363,302.935,0.2403111178310997,1.3568545674881294e-09,-843.8791800984112,1757100465.6603377,54.0,1.3189034461975098,-531.2
1757100466.6964157,302.927,0.22777051614180815,1.3159260265933068e-09,-1929.2329844464857,1757100466.9578006,70.28,1.3009793758392334,-531.2
1757100467.995569,302.92,0.21463790644713893,1.2705683986867831e-09,-1931.0277945787445,1757100468.2348447,73.16,1.2991533279418945,-531.2
1757100469.2730644,302.91,0.19339753091402315,1.189540066612215e-09,-2403.8765381188737,1757100469.5589242,86.19,1.2774953842163086,-531.2
1757100470.5970545,302.904,0.17751398810100202,1.1433909052985606e-09,-2328.2154874677626,1757100470.8712797,77.25,1.3239901065826416,-1027.5
1757100471.9082427,302.882,0.16927542634747084,1.1320016467258348e-09,-2239.7355625823184,1757100472.1822345,56.99,1.3111882209777832,-1027.5
1757100473.2193873,302.831,0.1659609582901694,1.132788450203894e-09,-2728.418684959178,1757100473.5155694,32.77,1.3111445903778076,-1027.5
1757100474.5528157,302.806,0.16361445994110452,1.1335657066675784e-09,-1920.963010201312,1757100474.8242157,32.82,1.3334283828735352,-1027.5
1757100475.8614619,302.785,0.1580435955162534,1.1215208515184411e-09,-1480.5063733444863,1757100476.1281948,57.9,1.3086462020874023,-325.1
1757100477.1631408,302.769,0.15787796879671367,1.1237283973667314e-09,-810.2623180249903,1757100477.4566457,13.34,1.3016788959503174,-325.1
1757100478.4927068,302.761,0.15703712132724076,1.1245308375870189e-09,-700.5394666867197,1757100478.7707472,32.71,1.3295660018920898,-325.1
1757100480.831156,302.744,0.15708633448742887,1.126589695717063e-09,105.01395135303184,1757100481.0856583,19.79,2.338449239730835,423.1
1757100482.1214697,302.764,0.1575264825888336,1.1286627918487383e-09,1015.9870623276386,1757100482.4288197,19.51,1.290313720703125,423.1
1757100484.4864428,302.784,0.15758319435045576,1.1309200509542e-09,785.1482820086687,1757100484.8524332,-7.74,2.3649730682373047,423.1
1757100485.8907273,302.794,0.1578928135864681,1.1330187493377194e-09,763.9840243415395,1757100486.1669383,19.01,1.4042844772338867,502.70000000000005
1757100487.2017255,302.819,0.15889542973903845,1.1345622666860113e-09,1179.5200295072032,1757100487.4627786,-27.41,1.3109982013702393,502.70000000000005
1757100488.4976094,302.83299999999997,0.16016807567015373,1.1337425633247407e-09,721.9723065245963,1757100489.0638812,-39.36,1.2958838939666748,502.70000000000005
1757100492.1496842,302.872,0.16092816040677796,1.1337659264151063e-09,506.09129748022497,1757100492.449255,-36.35,3.6520748138427734,257.2
1757100493.4840686,302.879,0.16119444857567888,1.1356205762760976e-09,409.3843275905912,1757100493.7946422,-23.85,1.3343844413757324,257.2
1757100495.8524501,302.891,0.1613465728710442,1.1377787819829522e-09,456.62453506879194,1757100496.113357,17.36,2.3683815002441406,268.6
1757100497.1506782,302.92,0.1582693146668874,1.0362851642143577e-09,-317.19594009733896,1757100497.45303,96.81,1.2982280254364014,268.6
1757100498.4873674,302.938,0.1531052510404427,9.566020566230472e-10,-595.0972425194487,1757100498.7100132,95.25,1.3366892337799072,268.6
1757100499.7455397,302.955,0.1491140108140256,8.919926407197292e-10,-507.8633407546282,1757100500.0728467,93.92,1.2581722736358643,268.6
1757100501.1069014,302.967,0.149187248049201,8.937585561230809e-10,525.0661191288905,1757100501.381924,-12.83,1.3613617420196533,163.0
1757100502.4167058,302.971,0.14928873323500194,8.953998510074765e-10,255.11580824685342,1757100502.694676,-20.79,1.3098044395446777,163.0
1757100503.732756,302.976,0.14947161546646687,8.962893287593927e-10,191.01571025072332,1757100504.020002,-32.57,1.3160500526428223,163.0
1757100505.056893,302.981,0.14947221927110133,8.969189907333758e-10,168.82333911944417,1757100505.2952302,-34.69,1.3241372108459473,163.0
1757100506.3318083,302.987,0.1495875273043874,8.984542865717947e-10,229.58206199204375,1757100506.6179078,23.87,1.2749152183532715,92.10000000000001
1757100507.6537104,302.989,0.14964250175658772,8.999782904702678e-10,99.85929598738997,1757100507.9095995,24.17,1.3219020366668701,92.10000000000001
1757100508.9483647,302.99,0.14964533211101236,9.017806212420129e-10,151.85500309108374,1757100509.214268,6.24,1.294654369354248,92.10000000000001
1757100511.2759304,302.994,0.14966040543779147,9.03583330695276e-10,155.70237754256235,1757100511.5537872,8.6,2.3275656700134277,63.400000000000006
1757100512.5904863,302.995,0.14966771727018213,9.053898196948581e-10,117.69797154343425,1757100512.8239162,8.51,1.3145558834075928,63.400000000000006
1757100513.8608985,302.996,0.14969157666220823,9.071468434504899e-10,90.07410140348009,1757100514.1153214,16.25,1.2704122066497803,63.400000000000006
1757100515.1525407,302.999,0.1497123408376854,9.088980166608793e-10,86.47073628643177,1757100515.4547834,16.86,1.291642189025879,1.5
1757100516.489537,302.999,0.14970760804026886,9.106444782636421e-10,-8.735883206434686,1757100516.7647688,17.34,1.33699631690979,1.5
1757100517.8010883,302.999,0.14966739433869702,9.120700336663184e-10,-67.43220383443469,1757100518.0541332,26.32,1.3115513324737549,1.5
1757100519.0980554,302.998,0.1496564034166167,9.138045778433516e-10,-44.52706588808144,1757100519.3813891,18.28,1.2969670295715332,1.5
1757100520.4182818,302.997,0.14966108870739803,9.156340357724356e-10,25.5635107365637,1757100520.7150228,6.82,1.3202264308929443,28.0
1757100521.7513936,302.998,0.14965548796446443,9.170926871664361e-10,-7.357025136096723,1757100522.0000691,25.86,1.3331117630004883,28.0
1757100523.0370772,302.998,0.14966294842990172,9.188212072675542e-10,8.917130749478218,1757100523.3095074,18.97,1.2856836318969727,28.0
1757100524.3464456,302.998,0.14966458635663482,9.206529552970551e-10,46.86563871747821,1757100524.7165728,10.31,1.309368371963501,28.0
1757100525.7566552,303.0,0.1483715687182456,9.177124566626822e-10,-590.509977338304,1757100526.058923,48.76,1.4102096557617188,-326.1
1757100527.0954452,302.995,0.14770123848243297,9.13919433186964e-10,-827.9029799464695,1757100527.3511925,50.88,1.338789939880371,-326.1
1757100530.4351373,302.96,0.1475998023287506,9.156976099859008e-10,-433.9148877155024,1757100530.817641,-15.88,3.3396921157836914,-12.9
1757100531.8541002,302.964,0.14695545226346793,9.11478805128252e-10,-262.8306549632937,1757100532.119865,-51.870000000000005,1.4189629554748535,-12.9
1757100533.156381,302.967,0.1469771933874182,9.132573967621581e-10,78.4630914450665,1757100533.405642,-15.49,1.3022806644439697,-12.9
1757100546.7015274,302.983,0.1469868278137385,9.150858844839033e-10,166.21499599604266,1757100547.0262244,6.7,13.545146465301514,91.0
1757100548.0574286,302.984,0.14698847344748045,9.169163486245949e-10,145.84928023995738,1757100548.358776,7.96,1.3559012413024902,91.0
1757100549.3902662,302.99,0.14643742486370215,9.095300092125321e-10,-182.8632197742951,1757100549.6655858,57.64,1.3328375816345215,91.0
1757100550.6972778,302.994,0.1445905926973897,9.037827237821659e-10,-674.9881037233125,1757100550.9241476,55.06,1.307011604309082,-388.0
1757100551.9561684,302.99,0.13743744647663597,8.767005551013415e-10,-1352.3939663710307,1757100552.2405705,77.67,1.2588906288146973,-388.0
1757100553.2780373,302.983,0.1360467322657773,8.756213371986016e-10,-828.6545079422965,1757100553.5676153,43.82,1.321868896484375,-388.0
1757100554.6014214,302.976,0.1343344205934154,8.734813154393637e-10,-871.2359437684163,1757100554.9061835,47.480000000000004,1.3233840465545654,-388.0
1757100555.940692,302.968,0.13264451830759216,8.710893523283419e-10,-830.093114632294,1757100556.2112591,48.28,1.3392705917358398,-313.1
1757100557.2471972,302.959,0.12999018253841,8.653325425922793e-10,-971.6013386729619,1757100557.5156825,56.14,1.3065052032470703,-313.1
1757100558.551842,302.955,0.12769419529543358,8.592135351323706e-10,-822.9793570914684,1757100558.802904,56.980000000000004,1.3046448230743408,-313.1
1757100559.8386977,302.949,0.1263547527532722,8.576236845623093e-10,-735.1427799497823,1757100560.0870209,46.02,1.286855697631836,-313.1
1757100561.1233668,302.938,0.12630613314605146,8.59335072888127e-10,-513.5510655282242,1757100561.4123218,9.97,1.2846691608428955,-193.60000000000002
1757100562.4468923,302.932,0.12627822377303424,8.610490988463488e-10,-353.32357875291694,1757100562.7412813,10.22,1.3235254287719727,-193.60000000000002
1757100564.801962,302.921,0.1262121872584998,8.627414708833406e-10,-372.30545459944784,1757100565.070351,14.530000000000001,2.355069637298584,-193.60000000000002
1757100566.1093364,302.92,0.12624639300124257,8.639002061703447e-10,48.210921782619394,1757100566.4239964,29.560000000000002,1.3073744773864746,154.60000000000002
1757100567.458823,302.924,0.1263995921861878,8.65048830235653e-10,196.04482708153728,1757100567.7615352,29.7,1.3494865894317627,154.60000000000002
1757100568.8007193,302.928,0.1265598439418725,8.659377625121458e-10,174.0099109608743,1757100569.084536,32.57,1.3418962955474854,154.60000000000002
1757100570.1222863,302.932,0.1264267419255673,8.676649915538633e-10,296.8193657325577,1757100570.358619,10.19,1.3215670585632324,154.60000000000002
1757100571.3959892,302.939,0.12647033833785318,8.693948542451027e-10,426.5130431871187,1757100571.665205,10.43,1.27370285987854,186.3
1757100572.7002175,302.946,0.12679350140844595,8.685695131791067e-10,202.18650620410008,1757100573.0082686,-42.92,1.3042283058166504,186.3
1757100574.0447752,302.955,0.1266543753319017,8.618626718581022e-10,63.74669696625347,1757100574.32456,-57.93,1.344557762145996,186.3
1757100575.3632548,302.964,0.12672796346836418,8.63549411401981e-10,387.6991881801957,1757100575.6312983,-15.26,1.3184795379638672,110.0
1757100577.6920006,302.969,0.12681974006802052,8.647722960772985e-10,125.98557801540893,1757100578.0080352,28.7,2.3287458419799805,110.0
1757100579.0437143,302.971,0.12677774027403577,8.664164124646396e-10,160.129154002229,1757100579.3178926,18.55,1.3517136573791504,110.0
1757100580.3503532,302.976,0.12678850095946673,8.681517984216369e-10,280.3479046098202,1757100580.683981,-5.91,1.3066389560699463,97.30000000000001
1757100582.741687,302.979,0.126804194266281,8.698846019761261e-10,169.9022590947821,1757100582.9946136,-9.8,2.391333818435669,97.30000000000001
1757100584.029747,302.985,0.12694942822059038,8.696619721840723e-10,113.83515398917635,1757100584.3093467,-40.13,1.288059949874878,97.30000000000001
1757100585.3453612,302.989,0.12699360200533932,8.711978240717919e-10,95.85555209155008,1757100585.6205232,22.85,1.3156142234802246,6.0
1757100586.6559556,302.992,0.12606950161441133,8.638981680770213e-10,-307.6575262444959,1757100586.9336488,58.85,1.3105943202972412,6.0
1757100587.969442,302.995,0.12492188122629655,8.547804740048444e-10,-350.77740870894365,1757100588.2115753,61.88,1.3134863376617432,6.0
1757100589.24811,303.011,0.12465704585150103,8.396184911129129e-10,-64.6516410521582,1757100589.5164843,69.60000000000001,1.2786681652069092,6.0
1757100590.5532577,303.021,0.1139178231508432,7.880259105905079e-10,-1520.6711334569536,1757100590.7764719,94.68,1.305147647857666,-744.0
1757100591.8143742,303.009,0.10709380030545958,7.728563458271313e-10,-1685.9436474868182,1757100592.1216667,72.38,1.2611165046691895,-744.0
1757100593.158364,302.976,0.10693161922780385,7.743965029973104e-10,-1702.6209176620405,1757100593.4696727,10.96,1.3439898490905762,-744.0
1757100594.506567,302.957,0.10680192019073978,7.759384782413143e-10,-1285.8596357802062,1757100594.7826653,11.33,1.3482029438018799,-744.0
1757100595.8195403,302.938,0.10669482350242575,7.774644634248757e-10,-617.6105790637992,1757100596.1001556,-14.8,1.3129732608795166,-50.900000000000006
1757100597.1373427,302.937,0.1064120230407753,7.77423470214288e-10,-220.05211944423,1757100597.3995304,-40.31,1.3178024291992188,-50.900000000000006
1757100598.4346259,302.939,0.106076390261325,7.759660347671845e-10,-192.49017771728492,1757100598.7063503,-47.26,1.2972831726074219,-50.900000000000006
1757100599.7437024,302.94,0.10597113953931778,7.7662524737232e-10,-115.08210815063487,1757100600.032213,-34.9,1.3090765476226807,-50.900000000000006
1757100601.068635,302.939,0.10609123092450523,7.78172047926326e-10,114.84938022461603,1757100601.3376663,-11.21,1.32493257522583,123.80000000000001
1757100634.0170636,302.997,0.10613405175638377,7.793146213411936e-10,68.24468368566862,1757100634.2980134,28.78,32.94842863082886,51.300000000000004
1757100635.3300316,303.0,0.10614829794217549,7.808561211353757e-10,128.57712028891072,1757100635.6413934,13.5,1.3129680156707764,21.900000000000002
1757100636.674228,303.002,0.10557570575861437,7.760339746747934e-10,-228.17405978042262,1757100636.9316382,56.95,1.3441963195800781,21.900000000000002
1757100637.9650872,303.011,0.1017300210077854,7.332796207501402e-10,-595.5936603176372,1757100638.3081553,93.89,1.2908592224121094,21.900000000000002
1757100639.3415923,303.04,0.09631663123318178,6.355701729441326e-10,-584.4476969507817,1757100639.6290066,120.72,1.3765051364898682,21.900000000000002
1757100640.6642852,303.057,0.08524254280703002,5.726383227874841e-10,-1457.907985843707,1757100640.9350252,115.19,1.32269287109375,-728.1
1757100641.9694352,303.041,0.08483615013075889,5.736783133219968e-10,-1231.3807548296165,1757100642.1918924,23.91,1.305150032043457,-728.1
1757100643.2281373,303.007,0.08398584123258199,5.746124881296824e-10,-1840.413437298175,1757100643.504336,-28.42,1.258702039718628,-728.1
1757100644.5431535,302.989,0.0836325185987146,5.756860870887908e-10,-1280.6577694913658,1757100644.7967036,-22.02,1.315016269683838,-728.1
1757100645.8342798,302.971,0.08346610137526779,5.767810066490625e-10,-676.1711496129403,1757100646.1676555,20.5,1.2911262512207031,-119.0
1757100647.2032423,302.981,0.0826855584124724,5.680234788768844e-10,-251.30800487239352,1757100647.5041783,74.13,1.3689625263214111,-119.0
1757100648.5431087,302.979,0.0826832643359522,5.691597972507032e-10,-150.41770641774664,1757100648.8186202,8.870000000000001,1.3398663997650146,-119.0
1757100649.8558245,302.976,0.08262572003122183,5.702352021367133e-10,-212.59558366305205,1757100650.1181376,-21.16,1.312715768814087,-119.0
1757100651.1547203,302.977,0.08222110964317753,5.686538555893655e-10,-248.33212004609297,1757100651.4171166,-53.81,1.2988958358764648,-74.5
1757100652.4534667,302.975,0.08220418600944418,5.697761581337535e-10,-120.28782018651808,1757100652.7275248,-15.19,1.2987463474273682,-74.5
1757100653.7646832,302.973,0.08218865133704602,5.709082477482872e-10,-114.9547377959508,1757100654.0360687,13.15,1.3112165927886963,-74.5
1757100655.0730965,302.977,0.08068909394795948,5.595345152298706e-10,-431.79465103928624,1757100655.3593442,79.08,1.3084132671356201,-74.5
1757100656.395088,302.978,0.07267446373567324,5.323322728854511e-10,-1545.6653872981988,1757100656.674314,98.7,1.3219914436340332,-824.5
1757100657.7105234,302.96,0.0712571041476227,5.32470701248635e-10,-1467.6683283852162,1757100657.9897847,42.52,1.3154354095458984,-824.5
1757100660.050197,302.918,0.07100412538118467,5.335097752697254e-10,-1529.141606050127,1757100660.3638067,-17.71,2.3396735191345215,-824.5
1757100661.4041677,302.899,0.07037369086183871,5.338142077941442e-10,-716.7156089488919,1757100661.6601396,-40.46,1.3539707660675049,-74.5
1757100662.6957,302.898,0.07032998965756246,5.347656661144833e-10,-116.33496238867409,1757100662.9540946,-25.36,1.291532278060913,-74.5
1757100663.9905653,302.895,0.07032227534142053,5.358342934088059e-10,-139.93189119619356,1757100664.2311115,-10.15,1.294865369796753,-74.5
1757100679.5728674,302.96,0.07037348985264229,5.368891709380435e-10,388.6906496017425,1757100679.8895216,16.01,15.58230209350586,205.8
1757100680.92085,302.96500000000003,0.07042650387640767,5.379241951964505e-10,279.3840099217378,1757100681.1930647,19.39,1.34798264503479,123.10000000000001
1757100682.224394,302.97,0.07045857851425083,5.389930269570611e-10,298.3982015345896,1757100682.4606066,13.33,1.303544044494629,123.10000000000001
1757100688.6057591,302.98199999999997,0.07046491510303252,5.400726364326269e-10,212.12792924155454,1757100688.8444731,6.55,6.381365060806274,105.4
1757100689.8786478,302.983,0.07046766072623212,5.411528024057737e-10,165.44992138416382,1757100690.1314025,9.25,1.2728886604309082,105.4
1757100722.7663248,303.0,0.07047184582792738,5.422368590793998e-10,90.29536012926502,1757100723.0621262,6.140000000000001,32.88767695426941,37.6
1757100724.0935512,303.0,0.07047966152291536,5.432746519339206e-10,43.71337611265217,1757100724.3540401,20.17,1.3272264003753662,37.6
1757100726.4053118,303.002,0.07048331449024112,5.443622361240826e-10,98.05648479927741,1757100726.6757414,-7.88,2.311760663986206,33.1
